{
  "schemaVersion": 1,
  "id": "forestmod",
  "version": "${version}",
  "name": "Forest Mod",
  "description": "Adds a mysterious forest entity.",
  "authors": [],
  "contact": {},
  "license": "MIT",
  "icon": "assets/forestmod/icon.png",
  "environment": "*",
  "entrypoints": {
    "main": [
      "com.forestmod.ForestMod"
    ],
    "client": [
      "com.forestmod.ForestModClient"
    ]
  },
  "mixins": [],
  "depends": {
    "fabricloader": ">=0.15.0",
    "fabric-api": "*",
    "minecraft": "~1.21.1",
    "java": ">=21"
  }
}
